title;post;post_type;created_at
fgsgfsd;gdsfgfsd;public;2022-09-02 17:05:02.573532
fsdfa;asfsda;public;2022-09-02 17:07:49.599829
fsdfa;asfsda;public;2022-09-02 17:09:32.483569
trewt;twertw;public;2022-09-02 17:10:21.984614
trewt;twertw;public;2022-09-02 17:14:21.734980
fgsag;sdfgsdfg;public;2022-09-02 17:14:21.740925
ghghj;ghjgjhg;public;2022-09-02 17:15:34.821212
sdfg;sdfg;public;2022-09-02 17:16:50.529331
gfsd;gfsdgs;public;2022-09-02 17:19:05.209166
1;1;public;2022-09-02 17:21:14.911378
2;2;public;2022-09-02 17:22:19.104857
3;3;public;2022-09-02 17:27:07.653947
4;4;public;2022-09-02 17:28:04.463976
